,dataset,algorithm,time_ms,instance
0,sinNombre,DP,0.78255,instancias/sinNombre/150-200-1.in
1,sinNombre,DP,3.02948,instancias/sinNombre/150-650-1.in
2,sinNombre,DP,2.96714,instancias/sinNombre/150-850-0.in
3,sinNombre,DP,0.304782,instancias/sinNombre/800-50-1.in
4,sinNombre,DP,2.98705,instancias/sinNombre/600-300-1.in
5,sinNombre,DP,12.2588,instancias/sinNombre/600-750-1.in
6,sinNombre,DP,19.2433,instancias/sinNombre/1000-1000-0.in
7,sinNombre,DP,10.2565,instancias/sinNombre/600-950-0.in
8,sinNombre,DP,2.83344,instancias/sinNombre/300-550-1.in
9,sinNombre,DP,0.340906,instancias/sinNombre/300-100-1.in
10,sinNombre,DP,7.52527,instancias/sinNombre/350-950-2.in
11,sinNombre,DP,14.9156,instancias/sinNombre/900-900-1.in
12,sinNombre,DP,1.12241,instancias/sinNombre/950-150-2.in
13,sinNombre,DP,10.1794,instancias/sinNombre/900-700-0.in
14,sinNombre,DP,6.93591,instancias/sinNombre/950-500-2.in
15,sinNombre,DP,3.94324,instancias/sinNombre/900-350-0.in
16,sinNombre,DP,3.67375,instancias/sinNombre/450-450-1.in
17,sinNombre,DP,6.20419,instancias/sinNombre/400-850-2.in
18,sinNombre,DP,14.456,instancias/sinNombre/950-900-2.in
19,sinNombre,DP,1.08561,instancias/sinNombre/900-150-1.in
20,sinNombre,DP,6.85058,instancias/sinNombre/900-500-1.in
21,sinNombre,DP,3.25425,instancias/sinNombre/350-550-2.in
22,sinNombre,DP,1.39458,instancias/sinNombre/300-300-0.in
23,sinNombre,DP,0.402635,instancias/sinNombre/350-100-2.in
24,sinNombre,DP,4.11897,instancias/sinNombre/300-750-0.in
25,sinNombre,DP,5.3633,instancias/sinNombre/300-950-1.in
26,sinNombre,DP,2.97118,instancias/sinNombre/400-450-2.in
27,sinNombre,DP,1.27096,instancias/sinNombre/450-200-0.in
28,sinNombre,DP,5.39658,instancias/sinNombre/450-650-0.in
29,sinNombre,DP,7.421,instancias/sinNombre/450-850-1.in
30,sinNombre,DP,0.328262,instancias/sinNombre/100-200-2.in
31,sinNombre,DP,1.21662,instancias/sinNombre/150-450-0.in
32,sinNombre,DP,1.16172,instancias/sinNombre/100-650-2.in
33,sinNombre,DP,2.45003,instancias/sinNombre/650-300-2.in
34,sinNombre,DP,5.5459,instancias/sinNombre/600-550-0.in
35,sinNombre,DP,8.43567,instancias/sinNombre/650-750-2.in
36,sinNombre,DP,0.50078,instancias/sinNombre/600-100-0.in
37,sinNombre,DP,3.08191,instancias/sinNombre/150-1000-0.in
38,sinNombre,DP,4.52036,instancias/sinNombre/700-450-1.in
39,sinNombre,DP,11.7794,instancias/sinNombre/750-850-2.in
40,sinNombre,DP,0.885322,instancias/sinNombre/50-950-0.in
41,sinNombre,DP,0.154756,instancias/sinNombre/350-50-2.in
42,sinNombre,DP,0.268452,instancias/sinNombre/50-300-1.in
43,sinNombre,DP,0.678833,instancias/sinNombre/50-750-1.in
44,sinNombre,DP,18.2507,instancias/sinNombre/1000-950-1.in
45,sinNombre,DP,3.7295,instancias/sinNombre/1000-300-0.in
46,sinNombre,DP,12.0366,instancias/sinNombre/1000-750-0.in
47,sinNombre,DP,7.49284,instancias/sinNombre/400-1000-0.in
48,sinNombre,DP,3.06545,instancias/sinNombre/550-300-1.in
49,sinNombre,DP,8.06666,instancias/sinNombre/550-750-1.in
50,sinNombre,DP,9.51704,instancias/sinNombre/550-950-0.in
51,sinNombre,DP,8.42927,instancias/sinNombre/850-600-2.in
52,sinNombre,DP,4.61207,instancias/sinNombre/800-400-0.in
53,sinNombre,DP,2.46652,instancias/sinNombre/850-250-2.in
54,sinNombre,DP,0.668227,instancias/sinNombre/200-200-1.in
55,sinNombre,DP,0.146905,instancias/sinNombre/300-50-0.in
56,sinNombre,DP,2.73597,instancias/sinNombre/200-650-1.in
57,sinNombre,DP,3.2269,instancias/sinNombre/200-850-0.in
58,sinNombre,DP,5.63354,instancias/sinNombre/550-550-0.in
59,sinNombre,DP,2.18386,instancias/sinNombre/500-300-2.in
60,sinNombre,DP,0.504091,instancias/sinNombre/550-100-0.in
61,sinNombre,DP,7.26524,instancias/sinNombre/500-750-2.in
62,sinNombre,DP,1.69249,instancias/sinNombre/200-450-0.in
63,sinNombre,DP,1.13812,instancias/sinNombre/250-200-2.in
64,sinNombre,DP,3.32694,instancias/sinNombre/250-650-2.in
65,sinNombre,DP,1.83292,instancias/sinNombre/100-1000-1.in
66,sinNombre,DP,11.0218,instancias/sinNombre/800-800-0.in
67,sinNombre,DP,8.20436,instancias/sinNombre/800-600-1.in
68,sinNombre,DP,2.22221,instancias/sinNombre/800-250-1.in
69,sinNombre,DP,1.52084,instancias/sinNombre/700-200-0.in
70,sinNombre,DP,4.9209,instancias/sinNombre/750-450-2.in
71,sinNombre,DP,7.20159,instancias/sinNombre/700-650-0.in
72,sinNombre,DP,10.3928,instancias/sinNombre/700-850-1.in
73,sinNombre,DP,9.27203,instancias/sinNombre/450-1000-1.in
74,sinNombre,DP,9.35072,instancias/sinNombre/1000-550-1.in
75,sinNombre,DP,0.59757,instancias/sinNombre/1000-100-1.in
76,sinNombre,DP,0.4995,instancias/sinNombre/50-550-0.in
77,sinNombre,DP,0.190194,instancias/sinNombre/650-50-1.in
78,sinNombre,DP,0.098112,instancias/sinNombre/50-100-0.in
79,sinNombre,DP,9.64561,instancias/sinNombre/650-800-0.in
80,sinNombre,DP,6.54284,instancias/sinNombre/650-600-1.in
81,sinNombre,DP,1.90032,instancias/sinNombre/650-250-1.in
82,sinNombre,DP,0.201619,instancias/sinNombre/500-50-1.in
83,sinNombre,DP,1.64294,instancias/sinNombre/100-900-0.in
84,sinNombre,DP,1.22966,instancias/sinNombre/100-700-1.in
85,sinNombre,DP,0.634591,instancias/sinNombre/100-350-1.in
86,sinNombre,DP,7.70072,instancias/sinNombre/450-900-2.in
87,sinNombre,DP,0.700085,instancias/sinNombre/400-150-1.in
88,sinNombre,DP,4.10927,instancias/sinNombre/400-500-1.in
89,sinNombre,DP,4.42539,instancias/sinNombre/300-800-2.in
90,sinNombre,DP,2.37231,instancias/sinNombre/350-400-1.in
91,sinNombre,DP,5.87205,instancias/sinNombre/900-450-2.in
92,sinNombre,DP,1.76593,instancias/sinNombre/950-200-0.in
93,sinNombre,DP,10.789,instancias/sinNombre/950-650-0.in
94,sinNombre,DP,14.0124,instancias/sinNombre/950-850-1.in
95,sinNombre,DP,6.74694,instancias/sinNombre/400-900-1.in
96,sinNombre,DP,0.842854,instancias/sinNombre/450-150-2.in
97,sinNombre,DP,5.11589,instancias/sinNombre/400-700-0.in
98,sinNombre,DP,3.87653,instancias/sinNombre/450-500-2.in
99,sinNombre,DP,2.15043,instancias/sinNombre/400-350-0.in
100,sinNombre,DP,6.23314,instancias/sinNombre/950-450-1.in
101,sinNombre,DP,12.9723,instancias/sinNombre/900-850-2.in
102,sinNombre,DP,5.7686,instancias/sinNombre/350-800-1.in
103,sinNombre,DP,3.92082,instancias/sinNombre/350-600-0.in
104,sinNombre,DP,1.92342,instancias/sinNombre/300-400-2.in
105,sinNombre,DP,1.23309,instancias/sinNombre/350-250-0.in
106,sinNombre,DP,5.99793,instancias/sinNombre/600-600-2.in
107,sinNombre,DP,1.85384,instancias/sinNombre/600-250-2.in
108,sinNombre,DP,4.11052,instancias/sinNombre/650-400-0.in
109,sinNombre,DP,1.97378,instancias/sinNombre/150-700-2.in
110,sinNombre,DP,0.283057,instancias/sinNombre/100-150-0.in
111,sinNombre,DP,0.947203,instancias/sinNombre/150-350-2.in
112,sinNombre,DP,0.834892,instancias/sinNombre/100-500-0.in
113,sinNombre,DP,5.38282,instancias/sinNombre/1000-400-2.in
114,sinNombre,DP,11.7672,instancias/sinNombre/700-900-2.in
115,sinNombre,DP,1.00948,instancias/sinNombre/750-150-1.in
116,sinNombre,DP,6.39578,instancias/sinNombre/750-500-1.in
117,sinNombre,DP,7.07105,instancias/sinNombre/850-550-0.in
118,sinNombre,DP,3.06334,instancias/sinNombre/800-300-2.in
119,sinNombre,DP,0.543533,instancias/sinNombre/850-100-0.in
120,sinNombre,DP,10.0195,instancias/sinNombre/800-750-2.in
121,sinNombre,DP,4.16681,instancias/sinNombre/250-900-0.in
122,sinNombre,DP,3.11483,instancias/sinNombre/250-700-1.in
123,sinNombre,DP,1.45693,instancias/sinNombre/250-350-1.in
124,sinNombre,DP,8.44538,instancias/sinNombre/500-800-0.in
125,sinNombre,DP,5.49468,instancias/sinNombre/500-600-1.in
126,sinNombre,DP,17.9246,instancias/sinNombre/850-1000-0.in
127,sinNombre,DP,2.29606,instancias/sinNombre/500-250-1.in
128,sinNombre,DP,0.5893,instancias/sinNombre/250-150-0.in
129,sinNombre,DP,2.64629,instancias/sinNombre/200-700-2.in
130,sinNombre,DP,2.3146,instancias/sinNombre/250-500-0.in
131,sinNombre,DP,1.2339,instancias/sinNombre/200-350-2.in
132,sinNombre,DP,3.14774,instancias/sinNombre/850-300-1.in
133,sinNombre,DP,11.3052,instancias/sinNombre/850-750-1.in
134,sinNombre,DP,16.9098,instancias/sinNombre/850-950-0.in
135,sinNombre,DP,11.2851,instancias/sinNombre/600-1000-2.in
136,sinNombre,DP,5.51543,instancias/sinNombre/550-600-2.in
137,sinNombre,DP,3.06519,instancias/sinNombre/500-400-0.in
138,sinNombre,DP,1.79027,instancias/sinNombre/550-250-2.in
139,sinNombre,DP,13.7853,instancias/sinNombre/1000-800-2.in
140,sinNombre,DP,14.7922,instancias/sinNombre/800-1000-1.in
141,sinNombre,DP,0.553682,instancias/sinNombre/50-600-2.in
142,sinNombre,DP,0.23282,instancias/sinNombre/50-250-2.in
143,sinNombre,DP,12.0368,instancias/sinNombre/750-900-1.in
144,sinNombre,DP,9.17434,instancias/sinNombre/750-700-0.in
145,sinNombre,DP,1.00192,instancias/sinNombre/700-150-2.in
146,sinNombre,DP,4.51826,instancias/sinNombre/750-350-0.in
147,sinNombre,DP,5.50943,instancias/sinNombre/700-500-2.in
148,sinNombre,DP,6.77272,instancias/sinNombre/350-1000-2.in
149,sinNombre,DP,9.52717,instancias/sinNombre/650-800-1.in
150,sinNombre,DP,3.58627,instancias/sinNombre/600-400-2.in
151,sinNombre,DP,1.93426,instancias/sinNombre/650-250-0.in
152,sinNombre,DP,6.2787,instancias/sinNombre/650-600-0.in
153,sinNombre,DP,0.090219,instancias/sinNombre/50-50-2.in
154,sinNombre,DP,1.70195,instancias/sinNombre/100-900-1.in
155,sinNombre,DP,0.17141,instancias/sinNombre/500-50-0.in
156,sinNombre,DP,1.35293,instancias/sinNombre/150-500-2.in
157,sinNombre,DP,0.64837,instancias/sinNombre/100-350-0.in
158,sinNombre,DP,0.46877,instancias/sinNombre/150-150-2.in
159,sinNombre,DP,1.24919,instancias/sinNombre/100-700-0.in
160,sinNombre,DP,2.94943,instancias/sinNombre/450-350-2.in
161,sinNombre,DP,4.00626,instancias/sinNombre/400-500-0.in
162,sinNombre,DP,5.74173,instancias/sinNombre/450-700-2.in
163,sinNombre,DP,0.746638,instancias/sinNombre/400-150-0.in
164,sinNombre,DP,1.1163,instancias/sinNombre/300-250-2.in
165,sinNombre,DP,2.31227,instancias/sinNombre/350-400-0.in
166,sinNombre,DP,3.28645,instancias/sinNombre/300-600-2.in
167,sinNombre,DP,10.8616,instancias/sinNombre/950-650-1.in
168,sinNombre,DP,1.67618,instancias/sinNombre/950-200-1.in
169,sinNombre,DP,14.0352,instancias/sinNombre/950-850-0.in
170,sinNombre,DP,0.184564,instancias/sinNombre/550-50-2.in
171,sinNombre,DP,6.61507,instancias/sinNombre/400-900-0.in
172,sinNombre,DP,2.23697,instancias/sinNombre/400-350-1.in
173,sinNombre,DP,5.0877,instancias/sinNombre/400-700-1.in
174,sinNombre,DP,9.47615,instancias/sinNombre/900-650-2.in
175,sinNombre,DP,1.71499,instancias/sinNombre/900-200-2.in
176,sinNombre,DP,6.83881,instancias/sinNombre/950-450-0.in
177,sinNombre,DP,5.24409,instancias/sinNombre/350-800-0.in
178,sinNombre,DP,1.41942,instancias/sinNombre/350-250-1.in
179,sinNombre,DP,3.91297,instancias/sinNombre/350-600-1.in
180,sinNombre,DP,9.18873,instancias/sinNombre/600-800-2.in
181,sinNombre,DP,3.71296,instancias/sinNombre/650-400-1.in
182,sinNombre,DP,2.53855,instancias/sinNombre/150-900-2.in
183,sinNombre,DP,1.04448,instancias/sinNombre/100-500-1.in
184,sinNombre,DP,0.283706,instancias/sinNombre/100-150-1.in
185,sinNombre,DP,0.369452,instancias/sinNombre/50-400-2.in
186,sinNombre,DP,12.7355,instancias/sinNombre/650-1000-2.in
187,sinNombre,DP,6.56401,instancias/sinNombre/750-500-0.in
188,sinNombre,DP,4.31988,instancias/sinNombre/700-350-2.in
189,sinNombre,DP,1.64438,instancias/sinNombre/750-150-0.in
190,sinNombre,DP,8.33503,instancias/sinNombre/700-700-2.in
191,sinNombre,DP,0.559778,instancias/sinNombre/850-100-1.in
192,sinNombre,DP,7.29393,instancias/sinNombre/850-550-1.in
193,sinNombre,DP,14.4443,instancias/sinNombre/800-950-2.in
194,sinNombre,DP,5.45603,instancias/sinNombre/300-1000-2.in
195,sinNombre,DP,4.18568,instancias/sinNombre/250-900-1.in
196,sinNombre,DP,1.42278,instancias/sinNombre/250-350-0.in
197,sinNombre,DP,1.84933,instancias/sinNombre/200-500-2.in
198,sinNombre,DP,3.06369,instancias/sinNombre/250-700-0.in
199,sinNombre,DP,0.550642,instancias/sinNombre/200-150-2.in
200,sinNombre,DP,7.55126,instancias/sinNombre/500-800-1.in
201,sinNombre,DP,1.78737,instancias/sinNombre/500-250-0.in
202,sinNombre,DP,16.8684,instancias/sinNombre/850-1000-1.in
203,sinNombre,DP,3.22704,instancias/sinNombre/550-400-2.in
204,sinNombre,DP,5.15118,instancias/sinNombre/500-600-0.in
205,sinNombre,DP,3.44384,instancias/sinNombre/200-900-2.in
206,sinNombre,DP,2.18768,instancias/sinNombre/250-500-1.in
207,sinNombre,DP,0.503468,instancias/sinNombre/250-150-1.in
208,sinNombre,DP,10.6838,instancias/sinNombre/850-750-0.in
209,sinNombre,DP,0.54856,instancias/sinNombre/800-100-2.in
210,sinNombre,DP,3.05429,instancias/sinNombre/850-300-0.in
211,sinNombre,DP,6.88285,instancias/sinNombre/800-550-2.in
212,sinNombre,DP,15.7732,instancias/sinNombre/850-950-1.in
213,sinNombre,DP,7.89741,instancias/sinNombre/550-800-2.in
214,sinNombre,DP,3.1284,instancias/sinNombre/500-400-1.in
215,sinNombre,DP,2.77823,instancias/sinNombre/1000-250-2.in
216,sinNombre,DP,9.45474,instancias/sinNombre/1000-600-2.in
217,sinNombre,DP,14.397,instancias/sinNombre/800-1000-0.in
218,sinNombre,DP,0.795883,instancias/sinNombre/50-800-2.in
219,sinNombre,DP,12.0802,instancias/sinNombre/750-900-0.in
220,sinNombre,DP,3.76932,instancias/sinNombre/750-350-1.in
221,sinNombre,DP,9.04644,instancias/sinNombre/750-700-1.in
222,sinNombre,DP,1.7799,instancias/sinNombre/150-650-0.in
223,sinNombre,DP,0.778084,instancias/sinNombre/100-450-2.in
224,sinNombre,DP,0.495382,instancias/sinNombre/150-200-0.in
225,sinNombre,DP,2.3852,instancias/sinNombre/150-850-1.in
226,sinNombre,DP,0.220363,instancias/sinNombre/800-50-0.in
227,sinNombre,DP,0.516492,instancias/sinNombre/650-100-2.in
228,sinNombre,DP,7.88298,instancias/sinNombre/600-750-0.in
229,sinNombre,DP,5.43954,instancias/sinNombre/650-550-2.in
230,sinNombre,DP,2.43308,instancias/sinNombre/600-300-0.in
231,sinNombre,DP,10.5028,instancias/sinNombre/600-950-1.in
232,sinNombre,DP,18.7325,instancias/sinNombre/1000-1000-1.in
233,sinNombre,DP,5.29617,instancias/sinNombre/350-750-2.in
234,sinNombre,DP,0.240747,instancias/sinNombre/850-50-2.in
235,sinNombre,DP,0.374185,instancias/sinNombre/300-100-0.in
236,sinNombre,DP,1.57016,instancias/sinNombre/350-300-2.in
237,sinNombre,DP,2.80442,instancias/sinNombre/300-550-0.in
238,sinNombre,DP,14.6991,instancias/sinNombre/900-900-0.in
239,sinNombre,DP,4.27176,instancias/sinNombre/900-350-1.in
240,sinNombre,DP,10.2492,instancias/sinNombre/900-700-1.in
241,sinNombre,DP,4.56458,instancias/sinNombre/400-650-2.in
242,sinNombre,DP,1.10112,instancias/sinNombre/400-200-2.in
243,sinNombre,DP,3.66152,instancias/sinNombre/450-450-0.in
244,sinNombre,DP,4.283,instancias/sinNombre/950-350-2.in
245,sinNombre,DP,8.38327,instancias/sinNombre/900-500-0.in
246,sinNombre,DP,11.3031,instancias/sinNombre/950-700-2.in
247,sinNombre,DP,1.26712,instancias/sinNombre/900-150-0.in
248,sinNombre,DP,4.56345,instancias/sinNombre/300-750-1.in
249,sinNombre,DP,2.14764,instancias/sinNombre/300-300-1.in
250,sinNombre,DP,5.09138,instancias/sinNombre/300-950-0.in
251,sinNombre,DP,5.40458,instancias/sinNombre/450-650-1.in
252,sinNombre,DP,1.23588,instancias/sinNombre/450-200-1.in
253,sinNombre,DP,7.84328,instancias/sinNombre/450-850-0.in
254,sinNombre,DP,1.19364,instancias/sinNombre/150-450-1.in
255,sinNombre,DP,1.96795,instancias/sinNombre/100-850-2.in
256,sinNombre,DP,0.55422,instancias/sinNombre/600-100-1.in
257,sinNombre,DP,5.71398,instancias/sinNombre/600-550-1.in
258,sinNombre,DP,11.3735,instancias/sinNombre/650-950-2.in
259,sinNombre,DP,2.80613,instancias/sinNombre/150-1000-1.in
260,sinNombre,DP,0.964544,instancias/sinNombre/50-1000-2.in
261,sinNombre,DP,9.45582,instancias/sinNombre/750-650-2.in
262,sinNombre,DP,4.39589,instancias/sinNombre/700-450-0.in
263,sinNombre,DP,1.80443,instancias/sinNombre/750-200-2.in
264,sinNombre,DP,0.885898,instancias/sinNombre/50-950-1.in
265,sinNombre,DP,0.732659,instancias/sinNombre/50-750-0.in
266,sinNombre,DP,0.263907,instancias/sinNombre/50-300-0.in
267,sinNombre,DP,18.2936,instancias/sinNombre/1000-950-0.in
268,sinNombre,DP,15.769,instancias/sinNombre/1000-750-1.in
269,sinNombre,DP,3.48944,instancias/sinNombre/1000-300-1.in
270,sinNombre,DP,7.72002,instancias/sinNombre/550-750-0.in
271,sinNombre,DP,0.490361,instancias/sinNombre/500-100-2.in
272,sinNombre,DP,2.34799,instancias/sinNombre/550-300-0.in
273,sinNombre,DP,8.20701,instancias/sinNombre/400-1000-1.in
274,sinNombre,DP,4.72325,instancias/sinNombre/500-550-2.in
275,sinNombre,DP,10.2176,instancias/sinNombre/550-950-1.in
276,sinNombre,DP,12.2055,instancias/sinNombre/850-800-2.in
277,sinNombre,DP,4.45673,instancias/sinNombre/800-400-1.in
278,sinNombre,DP,2.43049,instancias/sinNombre/200-650-0.in
279,sinNombre,DP,0.148409,instancias/sinNombre/300-50-1.in
280,sinNombre,DP,0.644106,instancias/sinNombre/200-200-0.in
281,sinNombre,DP,1.91308,instancias/sinNombre/250-450-2.in
282,sinNombre,DP,3.4299,instancias/sinNombre/200-850-1.in
283,sinNombre,DP,0.453214,instancias/sinNombre/550-100-1.in
284,sinNombre,DP,4.88997,instancias/sinNombre/550-550-1.in
285,sinNombre,DP,9.31656,instancias/sinNombre/500-950-2.in
286,sinNombre,DP,0.323569,instancias/sinNombre/600-50-2.in
287,sinNombre,DP,1.61789,instancias/sinNombre/200-450-1.in
288,sinNombre,DP,3.97646,instancias/sinNombre/250-850-2.in
289,sinNombre,DP,12.5933,instancias/sinNombre/800-800-1.in
290,sinNombre,DP,1.74869,instancias/sinNombre/100-1000-0.in
291,sinNombre,DP,2.22558,instancias/sinNombre/800-250-0.in
292,sinNombre,DP,5.36621,instancias/sinNombre/850-400-2.in
293,sinNombre,DP,7.67248,instancias/sinNombre/800-600-0.in
294,sinNombre,DP,7.44083,instancias/sinNombre/700-650-1.in
295,sinNombre,DP,1.5299,instancias/sinNombre/700-200-1.in
296,sinNombre,DP,10.7022,instancias/sinNombre/700-850-0.in
297,sinNombre,DP,8.9023,instancias/sinNombre/450-1000-0.in
298,sinNombre,DP,0.631841,instancias/sinNombre/1000-100-0.in
299,sinNombre,DP,8.71244,instancias/sinNombre/1000-550-0.in
300,sinNombre,DP,0.096015,instancias/sinNombre/50-100-1.in
301,sinNombre,DP,0.540373,instancias/sinNombre/50-550-1.in
302,sinNombre,DP,0.210462,instancias/sinNombre/650-50-0.in
303,sinNombre,DP,3.95674,instancias/sinNombre/200-1000-0.in
304,sinNombre,DP,8.71877,instancias/sinNombre/550-850-2.in
305,sinNombre,DP,4.11288,instancias/sinNombre/500-450-1.in
306,sinNombre,DP,4.15979,instancias/sinNombre/200-950-2.in
307,sinNombre,DP,0.331214,instancias/sinNombre/250-100-1.in
308,sinNombre,DP,3.2174,instancias/sinNombre/250-550-1.in
309,sinNombre,DP,4.36035,instancias/sinNombre/850-350-0.in
310,sinNombre,DP,6.32594,instancias/sinNombre/800-500-2.in
311,sinNombre,DP,13.9813,instancias/sinNombre/850-700-0.in
312,sinNombre,DP,0.983206,instancias/sinNombre/800-150-2.in
313,sinNombre,DP,14.3566,instancias/sinNombre/850-900-1.in
314,sinNombre,DP,13.3708,instancias/sinNombre/750-950-0.in
315,sinNombre,DP,9.82629,instancias/sinNombre/750-750-1.in
316,sinNombre,DP,2.93403,instancias/sinNombre/750-300-1.in
317,sinNombre,DP,16.3829,instancias/sinNombre/750-1000-0.in
318,sinNombre,DP,11.1368,instancias/sinNombre/1000-650-2.in
319,sinNombre,DP,1.81944,instancias/sinNombre/1000-200-2.in
320,sinNombre,DP,0.808619,instancias/sinNombre/50-850-2.in
321,sinNombre,DP,16.3108,instancias/sinNombre/900-1000-2.in
322,sinNombre,DP,0.307253,instancias/sinNombre/900-50-1.in
323,sinNombre,DP,0.550051,instancias/sinNombre/750-100-0.in
324,sinNombre,DP,9.01856,instancias/sinNombre/700-750-2.in
325,sinNombre,DP,7.51618,instancias/sinNombre/750-550-0.in
326,sinNombre,DP,2.69008,instancias/sinNombre/700-300-2.in
327,sinNombre,DP,0.420416,instancias/sinNombre/50-450-2.in
328,sinNombre,DP,4.69081,instancias/sinNombre/250-1000-1.in
329,sinNombre,DP,7.98524,instancias/sinNombre/500-850-1.in
330,sinNombre,DP,6.1164,instancias/sinNombre/500-650-0.in
331,sinNombre,DP,1.44311,instancias/sinNombre/500-200-0.in
332,sinNombre,DP,3.82878,instancias/sinNombre/550-450-2.in
333,sinNombre,DP,13.5437,instancias/sinNombre/700-1000-1.in
334,sinNombre,DP,6.95348,instancias/sinNombre/850-500-1.in
335,sinNombre,DP,1.11273,instancias/sinNombre/850-150-1.in
336,sinNombre,DP,12.726,instancias/sinNombre/800-900-2.in
337,sinNombre,DP,4.23879,instancias/sinNombre/250-950-1.in
338,sinNombre,DP,3.42359,instancias/sinNombre/250-750-0.in
339,sinNombre,DP,0.323317,instancias/sinNombre/200-100-2.in
340,sinNombre,DP,1.47834,instancias/sinNombre/250-300-0.in
341,sinNombre,DP,2.15951,instancias/sinNombre/200-550-2.in
342,sinNombre,DP,2.39252,instancias/sinNombre/900-250-2.in
343,sinNombre,DP,5.41001,instancias/sinNombre/950-400-0.in
344,sinNombre,DP,8.30173,instancias/sinNombre/900-600-2.in
345,sinNombre,DP,5.47252,instancias/sinNombre/350-850-0.in
346,sinNombre,DP,4.0285,instancias/sinNombre/350-650-1.in
347,sinNombre,DP,0.977146,instancias/sinNombre/350-200-1.in
348,sinNombre,DP,7.20845,instancias/sinNombre/400-950-0.in
349,sinNombre,DP,5.47843,instancias/sinNombre/400-750-1.in
350,sinNombre,DP,1.74767,instancias/sinNombre/400-300-1.in
351,sinNombre,DP,3.0278,instancias/sinNombre/150-950-2.in
352,sinNombre,DP,0.22425,instancias/sinNombre/100-100-1.in
353,sinNombre,DP,0.97065,instancias/sinNombre/100-550-1.in
354,sinNombre,DP,0.412968,instancias/sinNombre/750-50-1.in
355,sinNombre,DP,9.55238,instancias/sinNombre/600-850-2.in
356,sinNombre,DP,4.3788,instancias/sinNombre/650-450-1.in
357,sinNombre,DP,1.73928,instancias/sinNombre/100-950-1.in
358,sinNombre,DP,0.249593,instancias/sinNombre/150-100-2.in
359,sinNombre,DP,1.56536,instancias/sinNombre/100-750-0.in
360,sinNombre,DP,1.67752,instancias/sinNombre/150-550-2.in
361,sinNombre,DP,0.521865,instancias/sinNombre/100-300-0.in
362,sinNombre,DP,10.2388,instancias/sinNombre/650-850-1.in
363,sinNombre,DP,7.06524,instancias/sinNombre/650-650-0.in
364,sinNombre,DP,4.1407,instancias/sinNombre/600-450-2.in
365,sinNombre,DP,1.47735,instancias/sinNombre/650-200-0.in
366,sinNombre,DP,0.14893,instancias/sinNombre/250-50-2.in
367,sinNombre,DP,3.54371,instancias/sinNombre/300-650-2.in
368,sinNombre,DP,1.00371,instancias/sinNombre/300-200-2.in
369,sinNombre,DP,3.01482,instancias/sinNombre/350-450-0.in
370,sinNombre,DP,2.67057,instancias/sinNombre/950-250-1.in
371,sinNombre,DP,13.001,instancias/sinNombre/950-600-1.in
372,sinNombre,DP,16.1824,instancias/sinNombre/950-800-0.in
373,sinNombre,DP,0.126221,instancias/sinNombre/200-50-0.in
374,sinNombre,DP,6.25455,instancias/sinNombre/450-750-2.in
375,sinNombre,DP,0.428868,instancias/sinNombre/400-100-0.in
376,sinNombre,DP,2.27674,instancias/sinNombre/450-300-2.in
377,sinNombre,DP,4.97409,instancias/sinNombre/400-550-0.in
378,sinNombre,DP,1.44139,instancias/sinNombre/200-400-1.in
379,sinNombre,DP,3.66423,instancias/sinNombre/250-800-2.in
380,sinNombre,DP,12.1175,instancias/sinNombre/800-850-1.in
381,sinNombre,DP,10.4,instancias/sinNombre/800-650-0.in
382,sinNombre,DP,1.72321,instancias/sinNombre/800-200-0.in
383,sinNombre,DP,7.03053,instancias/sinNombre/850-450-2.in
384,sinNombre,DP,5.09999,instancias/sinNombre/550-500-1.in
385,sinNombre,DP,0.886335,instancias/sinNombre/550-150-1.in
386,sinNombre,DP,8.48141,instancias/sinNombre/500-900-2.in
387,sinNombre,DP,0.108466,instancias/sinNombre/150-50-0.in
388,sinNombre,DP,7.33762,instancias/sinNombre/1000-500-0.in
389,sinNombre,DP,1.15901,instancias/sinNombre/1000-150-0.in
390,sinNombre,DP,0.491621,instancias/sinNombre/50-500-1.in
391,sinNombre,DP,0.138117,instancias/sinNombre/50-150-1.in
392,sinNombre,DP,0.0822,instancias/sinNombre/100-50-2.in
393,sinNombre,DP,2.04824,instancias/sinNombre/700-250-1.in
394,sinNombre,DP,6.90364,instancias/sinNombre/700-600-1.in
395,sinNombre,DP,9.64462,instancias/sinNombre/700-800-0.in
396,sinNombre,DP,0.887192,instancias/sinNombre/50-900-1.in
397,sinNombre,DP,0.244353,instancias/sinNombre/1000-50-0.in
398,sinNombre,DP,0.323484,instancias/sinNombre/50-350-0.in
399,sinNombre,DP,0.761086,instancias/sinNombre/50-700-0.in
400,sinNombre,DP,16.6204,instancias/sinNombre/1000-900-0.in
401,sinNombre,DP,4.21041,instancias/sinNombre/1000-350-1.in
402,sinNombre,DP,11.8338,instancias/sinNombre/1000-700-1.in
403,sinNombre,DP,12.5301,instancias/sinNombre/550-1000-2.in
404,sinNombre,DP,3.85566,instancias/sinNombre/700-400-0.in
405,sinNombre,DP,0.198233,instancias/sinNombre/400-50-1.in
406,sinNombre,DP,2.13164,instancias/sinNombre/750-250-2.in
407,sinNombre,DP,7.28482,instancias/sinNombre/750-600-2.in
408,sinNombre,DP,13.5864,instancias/sinNombre/850-850-2.in
409,sinNombre,DP,5.25005,instancias/sinNombre/800-450-1.in
410,sinNombre,DP,0.843148,instancias/sinNombre/200-250-0.in
411,sinNombre,DP,1.73104,instancias/sinNombre/250-400-2.in
412,sinNombre,DP,2.18424,instancias/sinNombre/200-600-0.in
413,sinNombre,DP,3.12116,instancias/sinNombre/200-800-1.in
414,sinNombre,DP,2.9641,instancias/sinNombre/550-350-0.in
415,sinNombre,DP,4.22794,instancias/sinNombre/500-500-2.in
416,sinNombre,DP,6.8588,instancias/sinNombre/550-700-0.in
417,sinNombre,DP,0.835314,instancias/sinNombre/500-150-2.in
418,sinNombre,DP,9.0871,instancias/sinNombre/550-900-1.in
419,sinNombre,DP,1.70797,instancias/sinNombre/450-250-1.in
420,sinNombre,DP,5.02126,instancias/sinNombre/450-600-1.in
421,sinNombre,DP,7.02433,instancias/sinNombre/450-800-0.in
422,sinNombre,DP,11.4855,instancias/sinNombre/950-750-2.in
423,sinNombre,DP,0.599823,instancias/sinNombre/900-100-0.in
424,sinNombre,DP,3.21161,instancias/sinNombre/950-300-2.in
425,sinNombre,DP,8.17868,instancias/sinNombre/900-550-0.in
426,sinNombre,DP,1.75974,instancias/sinNombre/300-350-1.in
427,sinNombre,DP,3.81968,instancias/sinNombre/300-700-1.in
428,sinNombre,DP,5.39325,instancias/sinNombre/300-900-0.in
429,sinNombre,DP,4.84676,instancias/sinNombre/600-500-1.in
430,sinNombre,DP,0.929682,instancias/sinNombre/600-150-1.in
431,sinNombre,DP,11.2917,instancias/sinNombre/650-900-2.in
432,sinNombre,DP,1.10934,instancias/sinNombre/150-400-1.in
433,sinNombre,DP,1.81901,instancias/sinNombre/100-800-2.in
434,sinNombre,DP,6.29641,instancias/sinNombre/650-500-2.in
435,sinNombre,DP,3.62274,instancias/sinNombre/600-350-0.in
436,sinNombre,DP,0.909553,instancias/sinNombre/650-150-2.in
437,sinNombre,DP,7.16141,instancias/sinNombre/600-700-0.in
438,sinNombre,DP,10.9663,instancias/sinNombre/600-900-1.in
439,sinNombre,DP,0.677786,instancias/sinNombre/100-400-2.in
440,sinNombre,DP,0.636946,instancias/sinNombre/150-250-0.in
441,sinNombre,DP,1.66534,instancias/sinNombre/150-600-0.in
442,sinNombre,DP,2.20354,instancias/sinNombre/150-800-1.in
443,sinNombre,DP,1.38589,instancias/sinNombre/400-250-2.in
444,sinNombre,DP,3.44711,instancias/sinNombre/450-400-0.in
445,sinNombre,DP,4.1739,instancias/sinNombre/400-600-2.in
446,sinNombre,DP,2.03202,instancias/sinNombre/350-350-2.in
447,sinNombre,DP,2.66895,instancias/sinNombre/300-500-0.in
448,sinNombre,DP,4.30875,instancias/sinNombre/350-700-2.in
449,sinNombre,DP,0.60779,instancias/sinNombre/300-150-0.in
450,sinNombre,DP,15.6356,instancias/sinNombre/900-950-0.in
451,sinNombre,DP,11.9256,instancias/sinNombre/900-750-1.in
452,sinNombre,DP,3.26843,instancias/sinNombre/900-300-1.in
453,sinNombre,DP,2.61566,instancias/sinNombre/250-600-2.in
454,sinNombre,DP,1.39868,instancias/sinNombre/200-400-0.in
455,sinNombre,DP,1.01779,instancias/sinNombre/250-250-2.in
456,sinNombre,DP,11.8053,instancias/sinNombre/800-850-0.in
457,sinNombre,DP,1.63427,instancias/sinNombre/800-200-1.in
458,sinNombre,DP,8.88123,instancias/sinNombre/800-650-1.in
459,sinNombre,DP,9.47182,instancias/sinNombre/500-1000-2.in
460,sinNombre,DP,0.950757,instancias/sinNombre/550-150-0.in
461,sinNombre,DP,6.16709,instancias/sinNombre/500-700-2.in
462,sinNombre,DP,4.29612,instancias/sinNombre/550-500-0.in
463,sinNombre,DP,2.74015,instancias/sinNombre/500-350-2.in
464,sinNombre,DP,0.115766,instancias/sinNombre/150-50-1.in
465,sinNombre,DP,1.21127,instancias/sinNombre/1000-150-1.in
466,sinNombre,DP,7.60403,instancias/sinNombre/1000-500-1.in
467,sinNombre,DP,0.132414,instancias/sinNombre/50-150-0.in
468,sinNombre,DP,0.460785,instancias/sinNombre/50-500-0.in
469,sinNombre,DP,6.46857,instancias/sinNombre/700-600-0.in
470,sinNombre,DP,2.13637,instancias/sinNombre/700-250-0.in
471,sinNombre,DP,4.87934,instancias/sinNombre/750-400-2.in
472,sinNombre,DP,11.1166,instancias/sinNombre/700-800-1.in
473,sinNombre,DP,0.33954,instancias/sinNombre/1000-50-1.in
474,sinNombre,DP,0.886063,instancias/sinNombre/50-900-0.in
475,sinNombre,DP,0.644318,instancias/sinNombre/50-700-1.in
476,sinNombre,DP,0.312876,instancias/sinNombre/50-350-1.in
477,sinNombre,DP,17.8435,instancias/sinNombre/1000-900-1.in
478,sinNombre,DP,11.7222,instancias/sinNombre/1000-700-0.in
479,sinNombre,DP,4.3773,instancias/sinNombre/1000-350-0.in
480,sinNombre,DP,0.156369,instancias/sinNombre/400-50-0.in
481,sinNombre,DP,3.90802,instancias/sinNombre/700-400-1.in
482,sinNombre,DP,11.6167,instancias/sinNombre/750-800-2.in
483,sinNombre,DP,4.94436,instancias/sinNombre/800-450-0.in
484,sinNombre,DP,1.66885,instancias/sinNombre/850-200-2.in
485,sinNombre,DP,9.00447,instancias/sinNombre/850-650-2.in
486,sinNombre,DP,2.21102,instancias/sinNombre/200-600-1.in
487,sinNombre,DP,0.847514,instancias/sinNombre/200-250-1.in
488,sinNombre,DP,2.96694,instancias/sinNombre/200-800-0.in
489,sinNombre,DP,0.173415,instancias/sinNombre/450-50-2.in
490,sinNombre,DP,6.87868,instancias/sinNombre/550-700-1.in
491,sinNombre,DP,2.89502,instancias/sinNombre/550-350-1.in
492,sinNombre,DP,9.00039,instancias/sinNombre/550-900-0.in
493,sinNombre,DP,4.70527,instancias/sinNombre/450-600-0.in
494,sinNombre,DP,2.80436,instancias/sinNombre/400-400-2.in
495,sinNombre,DP,2.1951,instancias/sinNombre/450-250-0.in
496,sinNombre,DP,7.66417,instancias/sinNombre/450-800-1.in
497,sinNombre,DP,17.981,instancias/sinNombre/950-950-2.in
498,sinNombre,DP,7.56673,instancias/sinNombre/900-550-1.in
499,sinNombre,DP,0.910395,instancias/sinNombre/900-100-1.in
500,sinNombre,DP,0.717957,instancias/sinNombre/350-150-2.in
501,sinNombre,DP,3.69527,instancias/sinNombre/300-700-0.in
502,sinNombre,DP,2.99251,instancias/sinNombre/350-500-2.in
503,sinNombre,DP,1.72992,instancias/sinNombre/300-350-0.in
504,sinNombre,DP,5.10468,instancias/sinNombre/300-900-1.in
505,sinNombre,DP,9.37557,instancias/sinNombre/650-700-2.in
506,sinNombre,DP,0.898474,instancias/sinNombre/600-150-0.in
507,sinNombre,DP,3.07125,instancias/sinNombre/650-350-2.in
508,sinNombre,DP,4.70153,instancias/sinNombre/600-500-0.in
509,sinNombre,DP,1.0091,instancias/sinNombre/100-600-2.in
510,sinNombre,DP,0.426782,instancias/sinNombre/100-250-2.in
511,sinNombre,DP,1.04366,instancias/sinNombre/150-400-0.in
512,sinNombre,DP,7.19872,instancias/sinNombre/600-700-1.in
513,sinNombre,DP,3.10812,instancias/sinNombre/600-350-1.in
514,sinNombre,DP,10.4263,instancias/sinNombre/600-900-0.in
515,sinNombre,DP,1.98641,instancias/sinNombre/150-600-1.in
516,sinNombre,DP,0.635555,instancias/sinNombre/150-250-1.in
517,sinNombre,DP,2.29266,instancias/sinNombre/150-800-0.in
518,sinNombre,DP,2.88362,instancias/sinNombre/450-400-1.in
519,sinNombre,DP,5.75178,instancias/sinNombre/400-800-2.in
520,sinNombre,DP,0.748342,instancias/sinNombre/300-150-1.in
521,sinNombre,DP,2.51349,instancias/sinNombre/300-500-1.in
522,sinNombre,DP,6.60451,instancias/sinNombre/350-900-2.in
523,sinNombre,DP,16.2076,instancias/sinNombre/900-950-1.in
524,sinNombre,DP,7.63106,instancias/sinNombre/950-550-2.in
525,sinNombre,DP,3.26234,instancias/sinNombre/900-300-0.in
526,sinNombre,DP,0.616291,instancias/sinNombre/950-100-2.in
527,sinNombre,DP,14.3211,instancias/sinNombre/900-750-0.in
528,sinNombre,DP,3.84012,instancias/sinNombre/200-1000-1.in
529,sinNombre,DP,3.59743,instancias/sinNombre/500-450-0.in
530,sinNombre,DP,1.27448,instancias/sinNombre/550-200-2.in
531,sinNombre,DP,6.91588,instancias/sinNombre/550-650-2.in
532,sinNombre,DP,2.42613,instancias/sinNombre/250-550-0.in
533,sinNombre,DP,1.05638,instancias/sinNombre/200-300-2.in
534,sinNombre,DP,0.312337,instancias/sinNombre/250-100-0.in
535,sinNombre,DP,2.8812,instancias/sinNombre/200-750-2.in
536,sinNombre,DP,16.8096,instancias/sinNombre/950-1000-2.in
537,sinNombre,DP,10.505,instancias/sinNombre/850-700-1.in
538,sinNombre,DP,3.78827,instancias/sinNombre/850-350-1.in
539,sinNombre,DP,14.8571,instancias/sinNombre/850-900-0.in
540,sinNombre,DP,13.1038,instancias/sinNombre/750-950-1.in
541,sinNombre,DP,3.04079,instancias/sinNombre/750-300-0.in
542,sinNombre,DP,5.95981,instancias/sinNombre/700-550-2.in
543,sinNombre,DP,9.91975,instancias/sinNombre/750-750-0.in
544,sinNombre,DP,0.520414,instancias/sinNombre/700-100-2.in
545,sinNombre,DP,14.5556,instancias/sinNombre/750-1000-1.in
546,sinNombre,DP,14.5849,instancias/sinNombre/1000-850-2.in
547,sinNombre,DP,0.184989,instancias/sinNombre/50-200-2.in
548,sinNombre,DP,0.608932,instancias/sinNombre/50-650-2.in
549,sinNombre,DP,0.242002,instancias/sinNombre/900-50-0.in
550,sinNombre,DP,11.8752,instancias/sinNombre/700-950-2.in
551,sinNombre,DP,6.57009,instancias/sinNombre/750-550-1.in
552,sinNombre,DP,0.540021,instancias/sinNombre/750-100-1.in
553,sinNombre,DP,6.23749,instancias/sinNombre/1000-450-2.in
554,sinNombre,DP,4.63229,instancias/sinNombre/250-1000-0.in
555,sinNombre,DP,0.236551,instancias/sinNombre/950-50-2.in
556,sinNombre,DP,10.0497,instancias/sinNombre/500-850-0.in
557,sinNombre,DP,1.33596,instancias/sinNombre/500-200-1.in
558,sinNombre,DP,6.13553,instancias/sinNombre/500-650-1.in
559,sinNombre,DP,1.25687,instancias/sinNombre/850-150-0.in
560,sinNombre,DP,10.6312,instancias/sinNombre/800-700-2.in
561,sinNombre,DP,6.74668,instancias/sinNombre/850-500-0.in
562,sinNombre,DP,14.12,instancias/sinNombre/700-1000-0.in
563,sinNombre,DP,3.74776,instancias/sinNombre/800-350-2.in
564,sinNombre,DP,4.51363,instancias/sinNombre/250-950-0.in
565,sinNombre,DP,1.23378,instancias/sinNombre/250-300-1.in
566,sinNombre,DP,3.48536,instancias/sinNombre/250-750-1.in
567,sinNombre,DP,5.22471,instancias/sinNombre/950-400-1.in
568,sinNombre,DP,12.9276,instancias/sinNombre/900-800-2.in
569,sinNombre,DP,5.79732,instancias/sinNombre/350-850-1.in
570,sinNombre,DP,2.32408,instancias/sinNombre/300-450-2.in
571,sinNombre,DP,1.0492,instancias/sinNombre/350-200-0.in
572,sinNombre,DP,4.27659,instancias/sinNombre/350-650-0.in
573,sinNombre,DP,7.26024,instancias/sinNombre/400-950-1.in
574,sinNombre,DP,0.209344,instancias/sinNombre/700-50-2.in
575,sinNombre,DP,4.71905,instancias/sinNombre/450-550-2.in
576,sinNombre,DP,1.88844,instancias/sinNombre/400-300-0.in
577,sinNombre,DP,0.489739,instancias/sinNombre/450-100-2.in
578,sinNombre,DP,6.34152,instancias/sinNombre/400-750-0.in
579,sinNombre,DP,0.819235,instancias/sinNombre/150-300-2.in
580,sinNombre,DP,1.03735,instancias/sinNombre/100-550-0.in
581,sinNombre,DP,2.49492,instancias/sinNombre/150-750-2.in
582,sinNombre,DP,0.182719,instancias/sinNombre/100-100-0.in
583,sinNombre,DP,0.210285,instancias/sinNombre/750-50-0.in
584,sinNombre,DP,1.53502,instancias/sinNombre/600-200-2.in
585,sinNombre,DP,4.78638,instancias/sinNombre/650-450-0.in
586,sinNombre,DP,7.83522,instancias/sinNombre/600-650-2.in
587,sinNombre,DP,2.03353,instancias/sinNombre/100-950-0.in
588,sinNombre,DP,0.832276,instancias/sinNombre/100-300-1.in
589,sinNombre,DP,1.46998,instancias/sinNombre/100-750-1.in
590,sinNombre,DP,10.7359,instancias/sinNombre/650-850-0.in
591,sinNombre,DP,1.51721,instancias/sinNombre/650-200-1.in
592,sinNombre,DP,7.47975,instancias/sinNombre/650-650-1.in
593,sinNombre,DP,5.0456,instancias/sinNombre/300-850-2.in
594,sinNombre,DP,2.87118,instancias/sinNombre/350-450-1.in
595,sinNombre,DP,9.35379,instancias/sinNombre/950-600-0.in
596,sinNombre,DP,5.11993,instancias/sinNombre/900-400-2.in
597,sinNombre,DP,2.7721,instancias/sinNombre/950-250-0.in
598,sinNombre,DP,14.9249,instancias/sinNombre/950-800-1.in
599,sinNombre,DP,8.75358,instancias/sinNombre/450-950-2.in
600,sinNombre,DP,0.153157,instancias/sinNombre/200-50-1.in
601,sinNombre,DP,4.16619,instancias/sinNombre/400-550-1.in
602,sinNombre,DP,0.480768,instancias/sinNombre/400-100-1.in
603,sinNombre,DP,0.132939,instancias/sinNombre/150-50-2.in
604,sinNombre,DP,6.68649,instancias/sinNombre/500-700-1.in
605,sinNombre,DP,2.89346,instancias/sinNombre/500-350-1.in
606,sinNombre,DP,8.83695,instancias/sinNombre/500-900-0.in
607,sinNombre,DP,5.82968,instancias/sinNombre/850-450-0.in
608,sinNombre,DP,1.81403,instancias/sinNombre/800-200-2.in
609,sinNombre,DP,8.92256,instancias/sinNombre/800-650-2.in
610,sinNombre,DP,11.1557,instancias/sinNombre/500-1000-1.in
611,sinNombre,DP,2.80695,instancias/sinNombre/250-600-1.in
612,sinNombre,DP,1.05131,instancias/sinNombre/250-250-1.in
613,sinNombre,DP,3.81155,instancias/sinNombre/250-800-0.in
614,sinNombre,DP,0.082921,instancias/sinNombre/100-50-0.in
615,sinNombre,DP,4.70039,instancias/sinNombre/750-400-1.in
616,sinNombre,DP,10.5503,instancias/sinNombre/700-800-2.in
617,sinNombre,DP,1.33014,instancias/sinNombre/1000-150-2.in
618,sinNombre,DP,8.63713,instancias/sinNombre/1000-500-2.in
619,sinNombre,DP,8.83591,instancias/sinNombre/750-600-0.in
620,sinNombre,DP,2.48027,instancias/sinNombre/750-250-0.in
621,sinNombre,DP,5.84856,instancias/sinNombre/700-400-2.in
622,sinNombre,DP,11.4732,instancias/sinNombre/750-800-1.in
623,sinNombre,DP,11.8319,instancias/sinNombre/550-1000-0.in
624,sinNombre,DP,17.522,instancias/sinNombre/1000-900-2.in
625,sinNombre,DP,0.281851,instancias/sinNombre/1000-50-2.in
626,sinNombre,DP,0.715331,instancias/sinNombre/50-700-2.in
627,sinNombre,DP,0.401041,instancias/sinNombre/50-350-2.in
628,sinNombre,DP,0.974228,instancias/sinNombre/500-150-0.in
629,sinNombre,DP,7.63536,instancias/sinNombre/550-700-2.in
630,sinNombre,DP,4.66723,instancias/sinNombre/500-500-0.in
631,sinNombre,DP,3.82635,instancias/sinNombre/550-350-2.in
632,sinNombre,DP,0.182565,instancias/sinNombre/450-50-1.in
633,sinNombre,DP,2.82444,instancias/sinNombre/200-600-2.in
634,sinNombre,DP,1.95638,instancias/sinNombre/250-400-0.in
635,sinNombre,DP,0.91918,instancias/sinNombre/200-250-2.in
636,sinNombre,DP,13.731,instancias/sinNombre/850-850-0.in
637,sinNombre,DP,1.8905,instancias/sinNombre/850-200-1.in
638,sinNombre,DP,9.92954,instancias/sinNombre/850-650-1.in
639,sinNombre,DP,0.752038,instancias/sinNombre/350-150-1.in
640,sinNombre,DP,3.45533,instancias/sinNombre/350-500-1.in
641,sinNombre,DP,5.85922,instancias/sinNombre/300-900-2.in
642,sinNombre,DP,17.7223,instancias/sinNombre/950-950-1.in
643,sinNombre,DP,8.48268,instancias/sinNombre/900-550-2.in
644,sinNombre,DP,3.52597,instancias/sinNombre/950-300-0.in
645,sinNombre,DP,0.604135,instancias/sinNombre/900-100-2.in
646,sinNombre,DP,13.0279,instancias/sinNombre/950-750-0.in
647,sinNombre,DP,2.82151,instancias/sinNombre/400-400-1.in
648,sinNombre,DP,7.39765,instancias/sinNombre/450-800-2.in
649,sinNombre,DP,1.24603,instancias/sinNombre/100-600-1.in
650,sinNombre,DP,0.476945,instancias/sinNombre/100-250-1.in
651,sinNombre,DP,1.55174,instancias/sinNombre/100-800-0.in
652,sinNombre,DP,8.88254,instancias/sinNombre/650-700-1.in
653,sinNombre,DP,3.48543,instancias/sinNombre/650-350-1.in
654,sinNombre,DP,11.6633,instancias/sinNombre/650-900-0.in
655,sinNombre,DP,1.80865,instancias/sinNombre/150-600-2.in
656,sinNombre,DP,0.725584,instancias/sinNombre/150-250-2.in
657,sinNombre,DP,0.758465,instancias/sinNombre/100-400-0.in
658,sinNombre,DP,8.47258,instancias/sinNombre/600-700-2.in
659,sinNombre,DP,1.09521,instancias/sinNombre/650-150-0.in
660,sinNombre,DP,3.42624,instancias/sinNombre/600-350-2.in
661,sinNombre,DP,5.60686,instancias/sinNombre/650-500-0.in
662,sinNombre,DP,17.8061,instancias/sinNombre/900-950-2.in
663,sinNombre,DP,8.54902,instancias/sinNombre/950-550-1.in
664,sinNombre,DP,0.667818,instancias/sinNombre/950-100-1.in
665,sinNombre,DP,0.65775,instancias/sinNombre/300-150-2.in
666,sinNombre,DP,5.0394,instancias/sinNombre/350-700-0.in
667,sinNombre,DP,2.82796,instancias/sinNombre/300-500-2.in
668,sinNombre,DP,2.33017,instancias/sinNombre/350-350-0.in
669,sinNombre,DP,6.69559,instancias/sinNombre/350-900-1.in
670,sinNombre,DP,4.54297,instancias/sinNombre/400-600-0.in
671,sinNombre,DP,3.18539,instancias/sinNombre/450-400-2.in
672,sinNombre,DP,1.59752,instancias/sinNombre/400-250-0.in
673,sinNombre,DP,6.63789,instancias/sinNombre/400-800-1.in
674,sinNombre,DP,21.0903,instancias/sinNombre/950-1000-1.in
675,sinNombre,DP,1.19992,instancias/sinNombre/800-150-0.in
676,sinNombre,DP,11.6979,instancias/sinNombre/850-700-2.in
677,sinNombre,DP,7.11517,instancias/sinNombre/800-500-0.in
678,sinNombre,DP,5.418,instancias/sinNombre/850-350-2.in
679,sinNombre,DP,3.87368,instancias/sinNombre/200-950-0.in
680,sinNombre,DP,1.1593,instancias/sinNombre/200-300-1.in
681,sinNombre,DP,3.18423,instancias/sinNombre/200-750-1.in
682,sinNombre,DP,10.1046,instancias/sinNombre/550-850-0.in
683,sinNombre,DP,4.27158,instancias/sinNombre/200-1000-2.in
684,sinNombre,DP,1.46873,instancias/sinNombre/550-200-1.in
685,sinNombre,DP,6.82338,instancias/sinNombre/550-650-1.in
686,sinNombre,DP,0.199228,instancias/sinNombre/50-200-1.in
687,sinNombre,DP,0.676806,instancias/sinNombre/50-650-1.in
688,sinNombre,DP,0.911861,instancias/sinNombre/50-850-0.in
689,sinNombre,DP,2.00772,instancias/sinNombre/1000-200-0.in
690,sinNombre,DP,11.4222,instancias/sinNombre/1000-650-0.in
691,sinNombre,DP,16.2302,instancias/sinNombre/1000-850-1.in
692,sinNombre,DP,15.9317,instancias/sinNombre/750-1000-2.in
693,sinNombre,DP,14.9166,instancias/sinNombre/750-950-2.in
694,sinNombre,DP,6.45669,instancias/sinNombre/700-550-1.in
695,sinNombre,DP,0.617348,instancias/sinNombre/700-100-1.in
696,sinNombre,DP,6.68533,instancias/sinNombre/1000-450-1.in
697,sinNombre,DP,0.475048,instancias/sinNombre/50-450-0.in
698,sinNombre,DP,13.7752,instancias/sinNombre/700-950-1.in
699,sinNombre,DP,3.0438,instancias/sinNombre/700-300-0.in
700,sinNombre,DP,6.96893,instancias/sinNombre/750-550-2.in
701,sinNombre,DP,9.95344,instancias/sinNombre/700-750-0.in
702,sinNombre,DP,0.628791,instancias/sinNombre/750-100-2.in
703,sinNombre,DP,18.2413,instancias/sinNombre/900-1000-0.in
704,sinNombre,DP,2.32363,instancias/sinNombre/200-550-0.in
705,sinNombre,DP,1.34635,instancias/sinNombre/250-300-2.in
706,sinNombre,DP,0.337718,instancias/sinNombre/200-100-0.in
707,sinNombre,DP,4.01992,instancias/sinNombre/250-750-2.in
708,sinNombre,DP,10.5213,instancias/sinNombre/800-700-1.in
709,sinNombre,DP,4.38361,instancias/sinNombre/800-350-1.in
710,sinNombre,DP,14.1105,instancias/sinNombre/800-900-0.in
711,sinNombre,DP,0.264731,instancias/sinNombre/950-50-1.in
712,sinNombre,DP,4.28302,instancias/sinNombre/550-450-0.in
713,sinNombre,DP,1.51325,instancias/sinNombre/500-200-2.in
714,sinNombre,DP,6.70775,instancias/sinNombre/500-650-2.in
715,sinNombre,DP,7.75601,instancias/sinNombre/400-950-2.in
716,sinNombre,DP,0.211734,instancias/sinNombre/700-50-1.in
717,sinNombre,DP,4.66134,instancias/sinNombre/450-550-1.in
718,sinNombre,DP,0.483001,instancias/sinNombre/450-100-1.in
719,sinNombre,DP,6.29833,instancias/sinNombre/350-850-2.in
720,sinNombre,DP,2.83664,instancias/sinNombre/300-450-1.in
721,sinNombre,DP,9.39241,instancias/sinNombre/900-600-0.in
722,sinNombre,DP,5.2664,instancias/sinNombre/950-400-2.in
723,sinNombre,DP,2.71422,instancias/sinNombre/900-250-0.in
724,sinNombre,DP,13.5877,instancias/sinNombre/900-800-1.in
725,sinNombre,DP,10.3053,instancias/sinNombre/600-850-0.in
726,sinNombre,DP,1.70294,instancias/sinNombre/600-200-1.in
727,sinNombre,DP,7.60639,instancias/sinNombre/600-650-1.in
728,sinNombre,DP,2.97918,instancias/sinNombre/150-950-0.in
729,sinNombre,DP,0.863561,instancias/sinNombre/150-300-1.in
730,sinNombre,DP,3.20136,instancias/sinNombre/150-750-1.in
731,sinNombre,DP,0.187531,instancias/sinNombre/250-50-0.in
732,sinNombre,DP,1.82806,instancias/sinNombre/650-200-2.in
733,sinNombre,DP,5.42374,instancias/sinNombre/600-450-0.in
734,sinNombre,DP,8.62133,instancias/sinNombre/650-650-2.in
735,sinNombre,DP,0.732223,instancias/sinNombre/100-300-2.in
736,sinNombre,DP,1.79904,instancias/sinNombre/150-550-0.in
737,sinNombre,DP,1.41949,instancias/sinNombre/100-750-2.in
738,sinNombre,DP,0.278808,instancias/sinNombre/150-100-0.in
739,sinNombre,DP,9.12928,instancias/sinNombre/450-950-1.in
740,sinNombre,DP,0.14765,instancias/sinNombre/200-50-2.in
741,sinNombre,DP,4.0964,instancias/sinNombre/400-550-2.in
742,sinNombre,DP,2.52073,instancias/sinNombre/450-300-0.in
743,sinNombre,DP,0.515212,instancias/sinNombre/400-100-2.in
744,sinNombre,DP,6.76368,instancias/sinNombre/450-750-0.in
745,sinNombre,DP,5.3352,instancias/sinNombre/900-400-1.in
746,sinNombre,DP,13.9351,instancias/sinNombre/950-800-2.in
747,sinNombre,DP,5.90381,instancias/sinNombre/300-850-1.in
748,sinNombre,DP,3.147,instancias/sinNombre/350-450-2.in
749,sinNombre,DP,0.957523,instancias/sinNombre/300-200-0.in
750,sinNombre,DP,3.82351,instancias/sinNombre/300-650-0.in
751,sinNombre,DP,6.5227,instancias/sinNombre/800-500-1.in
752,sinNombre,DP,18.8417,instancias/sinNombre/950-1000-0.in
753,sinNombre,DP,1.12248,instancias/sinNombre/800-150-1.in
754,sinNombre,DP,15.894,instancias/sinNombre/850-900-2.in
755,sinNombre,DP,4.08322,instancias/sinNombre/200-950-1.in
756,sinNombre,DP,3.15512,instancias/sinNombre/200-750-0.in
757,sinNombre,DP,0.352864,instancias/sinNombre/250-100-2.in
758,sinNombre,DP,1.16146,instancias/sinNombre/200-300-0.in
759,sinNombre,DP,2.98257,instancias/sinNombre/250-550-2.in
760,sinNombre,DP,9.32531,instancias/sinNombre/550-850-1.in
761,sinNombre,DP,6.70479,instancias/sinNombre/550-650-0.in
762,sinNombre,DP,1.32507,instancias/sinNombre/550-200-0.in
763,sinNombre,DP,4.05887,instancias/sinNombre/500-450-2.in
764,sinNombre,DP,0.683074,instancias/sinNombre/50-650-0.in
765,sinNombre,DP,0.209667,instancias/sinNombre/50-200-0.in
766,sinNombre,DP,0.900964,instancias/sinNombre/50-850-1.in
767,sinNombre,DP,11.5013,instancias/sinNombre/1000-650-1.in
768,sinNombre,DP,2.13014,instancias/sinNombre/1000-200-1.in
769,sinNombre,DP,16.2714,instancias/sinNombre/1000-850-0.in
770,sinNombre,DP,0.607351,instancias/sinNombre/700-100-0.in
771,sinNombre,DP,11.3302,instancias/sinNombre/750-750-2.in
772,sinNombre,DP,6.40651,instancias/sinNombre/700-550-0.in
773,sinNombre,DP,3.12028,instancias/sinNombre/750-300-2.in
774,sinNombre,DP,4.88714,instancias/sinNombre/250-1000-2.in
775,sinNombre,DP,7.1833,instancias/sinNombre/1000-450-0.in
776,sinNombre,DP,0.459786,instancias/sinNombre/50-450-1.in
777,sinNombre,DP,13.5564,instancias/sinNombre/700-950-0.in
778,sinNombre,DP,9.46513,instancias/sinNombre/700-750-1.in
779,sinNombre,DP,2.84778,instancias/sinNombre/700-300-1.in
780,sinNombre,DP,18.5766,instancias/sinNombre/900-1000-1.in
781,sinNombre,DP,0.255805,instancias/sinNombre/900-50-2.in
782,sinNombre,DP,4.72999,instancias/sinNombre/250-950-2.in
783,sinNombre,DP,0.31811,instancias/sinNombre/200-100-1.in
784,sinNombre,DP,2.19897,instancias/sinNombre/200-550-1.in
785,sinNombre,DP,14.2654,instancias/sinNombre/700-1000-2.in
786,sinNombre,DP,4.76773,instancias/sinNombre/800-350-0.in
787,sinNombre,DP,6.74156,instancias/sinNombre/850-500-2.in
788,sinNombre,DP,10.655,instancias/sinNombre/800-700-0.in
789,sinNombre,DP,1.61544,instancias/sinNombre/850-150-2.in
790,sinNombre,DP,17.2865,instancias/sinNombre/800-900-1.in
791,sinNombre,DP,0.283078,instancias/sinNombre/950-50-0.in
792,sinNombre,DP,9.30346,instancias/sinNombre/500-850-2.in
793,sinNombre,DP,4.27338,instancias/sinNombre/550-450-1.in
794,sinNombre,DP,0.222165,instancias/sinNombre/700-50-0.in
795,sinNombre,DP,6.63587,instancias/sinNombre/400-750-2.in
796,sinNombre,DP,0.48561,instancias/sinNombre/450-100-0.in
797,sinNombre,DP,1.88286,instancias/sinNombre/400-300-2.in
798,sinNombre,DP,4.72391,instancias/sinNombre/450-550-0.in
799,sinNombre,DP,4.598,instancias/sinNombre/350-650-2.in
800,sinNombre,DP,1.07818,instancias/sinNombre/350-200-2.in
801,sinNombre,DP,2.4051,instancias/sinNombre/300-450-0.in
802,sinNombre,DP,2.71178,instancias/sinNombre/900-250-1.in
803,sinNombre,DP,9.29457,instancias/sinNombre/900-600-1.in
804,sinNombre,DP,13.3196,instancias/sinNombre/900-800-0.in
805,sinNombre,DP,10.0902,instancias/sinNombre/600-850-1.in
806,sinNombre,DP,7.66475,instancias/sinNombre/600-650-0.in
807,sinNombre,DP,5.14845,instancias/sinNombre/650-450-2.in
808,sinNombre,DP,1.61819,instancias/sinNombre/600-200-0.in
809,sinNombre,DP,0.238466,instancias/sinNombre/750-50-2.in
810,sinNombre,DP,2.85441,instancias/sinNombre/150-950-1.in
811,sinNombre,DP,0.188104,instancias/sinNombre/100-100-2.in
812,sinNombre,DP,2.57198,instancias/sinNombre/150-750-0.in
813,sinNombre,DP,1.03311,instancias/sinNombre/100-550-2.in
814,sinNombre,DP,0.824221,instancias/sinNombre/150-300-0.in
815,sinNombre,DP,0.161169,instancias/sinNombre/250-50-1.in
816,sinNombre,DP,10.6448,instancias/sinNombre/650-850-2.in
817,sinNombre,DP,4.44859,instancias/sinNombre/600-450-1.in
818,sinNombre,DP,1.86066,instancias/sinNombre/100-950-2.in
819,sinNombre,DP,0.255676,instancias/sinNombre/150-100-1.in
820,sinNombre,DP,1.58144,instancias/sinNombre/150-550-1.in
821,sinNombre,DP,9.14478,instancias/sinNombre/450-950-0.in
822,sinNombre,DP,6.94384,instancias/sinNombre/450-750-1.in
823,sinNombre,DP,2.17831,instancias/sinNombre/450-300-1.in
824,sinNombre,DP,3.22904,instancias/sinNombre/950-250-2.in
825,sinNombre,DP,5.33687,instancias/sinNombre/900-400-0.in
826,sinNombre,DP,9.37536,instancias/sinNombre/950-600-2.in
827,sinNombre,DP,5.10915,instancias/sinNombre/300-850-0.in
828,sinNombre,DP,3.69745,instancias/sinNombre/300-650-1.in
829,sinNombre,DP,1.00642,instancias/sinNombre/300-200-1.in
830,sinNombre,DP,3.49621,instancias/sinNombre/500-350-0.in
831,sinNombre,DP,5.4481,instancias/sinNombre/550-500-2.in
832,sinNombre,DP,7.46846,instancias/sinNombre/500-700-0.in
833,sinNombre,DP,0.924083,instancias/sinNombre/550-150-2.in
834,sinNombre,DP,9.29676,instancias/sinNombre/500-900-1.in
835,sinNombre,DP,14.2575,instancias/sinNombre/800-850-2.in
836,sinNombre,DP,9.97104,instancias/sinNombre/500-1000-0.in
837,sinNombre,DP,5.94406,instancias/sinNombre/850-450-1.in
838,sinNombre,DP,1.07263,instancias/sinNombre/250-250-0.in
839,sinNombre,DP,1.57737,instancias/sinNombre/200-400-2.in
840,sinNombre,DP,2.81684,instancias/sinNombre/250-600-0.in
841,sinNombre,DP,3.93198,instancias/sinNombre/250-800-1.in
842,sinNombre,DP,5.19865,instancias/sinNombre/750-400-0.in
843,sinNombre,DP,0.086751,instancias/sinNombre/100-50-1.in
844,sinNombre,DP,2.4544,instancias/sinNombre/700-250-2.in
845,sinNombre,DP,7.06284,instancias/sinNombre/700-600-2.in
846,sinNombre,DP,0.489216,instancias/sinNombre/50-500-2.in
847,sinNombre,DP,0.148921,instancias/sinNombre/50-150-2.in
848,sinNombre,DP,0.171481,instancias/sinNombre/400-50-2.in
849,sinNombre,DP,2.50894,instancias/sinNombre/750-250-1.in
850,sinNombre,DP,9.48619,instancias/sinNombre/750-600-1.in
851,sinNombre,DP,12.1801,instancias/sinNombre/750-800-0.in
852,sinNombre,DP,12.8352,instancias/sinNombre/550-1000-1.in
853,sinNombre,DP,5.04052,instancias/sinNombre/1000-350-2.in
854,sinNombre,DP,13.7381,instancias/sinNombre/1000-700-2.in
855,sinNombre,DP,0.987801,instancias/sinNombre/50-900-2.in
856,sinNombre,DP,4.40435,instancias/sinNombre/500-500-1.in
857,sinNombre,DP,0.894809,instancias/sinNombre/500-150-1.in
858,sinNombre,DP,9.63074,instancias/sinNombre/550-900-2.in
859,sinNombre,DP,0.191771,instancias/sinNombre/450-50-0.in
860,sinNombre,DP,1.88252,instancias/sinNombre/250-400-1.in
861,sinNombre,DP,3.18737,instancias/sinNombre/200-800-2.in
862,sinNombre,DP,13.939,instancias/sinNombre/850-850-1.in
863,sinNombre,DP,9.53543,instancias/sinNombre/850-650-0.in
864,sinNombre,DP,1.73517,instancias/sinNombre/850-200-0.in
865,sinNombre,DP,5.77711,instancias/sinNombre/800-450-2.in
866,sinNombre,DP,1.82258,instancias/sinNombre/300-350-2.in
867,sinNombre,DP,3.17564,instancias/sinNombre/350-500-0.in
868,sinNombre,DP,3.97051,instancias/sinNombre/300-700-2.in
869,sinNombre,DP,0.717343,instancias/sinNombre/350-150-0.in
870,sinNombre,DP,17.7841,instancias/sinNombre/950-950-0.in
871,sinNombre,DP,13.2862,instancias/sinNombre/950-750-1.in
872,sinNombre,DP,3.47933,instancias/sinNombre/950-300-1.in
873,sinNombre,DP,1.83572,instancias/sinNombre/450-250-2.in
874,sinNombre,DP,2.80128,instancias/sinNombre/400-400-0.in
875,sinNombre,DP,5.46222,instancias/sinNombre/450-600-2.in
876,sinNombre,DP,1.14084,instancias/sinNombre/150-400-2.in
877,sinNombre,DP,0.485347,instancias/sinNombre/100-250-0.in
878,sinNombre,DP,1.10365,instancias/sinNombre/100-600-0.in
879,sinNombre,DP,1.51353,instancias/sinNombre/100-800-1.in
880,sinNombre,DP,5.28914,instancias/sinNombre/600-500-2.in
881,sinNombre,DP,3.34973,instancias/sinNombre/650-350-0.in
882,sinNombre,DP,1.07993,instancias/sinNombre/600-150-2.in
883,sinNombre,DP,8.50948,instancias/sinNombre/650-700-0.in
884,sinNombre,DP,12.4722,instancias/sinNombre/650-900-1.in
885,sinNombre,DP,0.748456,instancias/sinNombre/100-400-1.in
886,sinNombre,DP,2.4119,instancias/sinNombre/150-800-2.in
887,sinNombre,DP,5.4537,instancias/sinNombre/650-500-1.in
888,sinNombre,DP,1.04256,instancias/sinNombre/650-150-1.in
889,sinNombre,DP,10.508,instancias/sinNombre/600-900-2.in
890,sinNombre,DP,12.1526,instancias/sinNombre/900-750-2.in
891,sinNombre,DP,0.644662,instancias/sinNombre/950-100-0.in
892,sinNombre,DP,3.44752,instancias/sinNombre/900-300-2.in
893,sinNombre,DP,7.96796,instancias/sinNombre/950-550-0.in
894,sinNombre,DP,2.06545,instancias/sinNombre/350-350-1.in
895,sinNombre,DP,4.66007,instancias/sinNombre/350-700-1.in
896,sinNombre,DP,6.4964,instancias/sinNombre/350-900-0.in
897,sinNombre,DP,1.61261,instancias/sinNombre/400-250-1.in
898,sinNombre,DP,4.37203,instancias/sinNombre/400-600-1.in
899,sinNombre,DP,6.1137,instancias/sinNombre/400-800-0.in
900,sinNombre,DP,1.69163,instancias/sinNombre/100-900-2.in
901,sinNombre,DP,1.49431,instancias/sinNombre/150-500-1.in
902,sinNombre,DP,0.406284,instancias/sinNombre/150-150-1.in
903,sinNombre,DP,0.0648,instancias/sinNombre/50-50-1.in
904,sinNombre,DP,9.76212,instancias/sinNombre/650-800-2.in
905,sinNombre,DP,3.75799,instancias/sinNombre/600-400-1.in
906,sinNombre,DP,9.7225,instancias/sinNombre/950-650-2.in
907,sinNombre,DP,1.78492,instancias/sinNombre/950-200-2.in
908,sinNombre,DP,6.29009,instancias/sinNombre/900-450-0.in
909,sinNombre,DP,0.191573,instancias/sinNombre/550-50-1.in
910,sinNombre,DP,4.87176,instancias/sinNombre/300-800-0.in
911,sinNombre,DP,1.28832,instancias/sinNombre/300-250-1.in
912,sinNombre,DP,4.07615,instancias/sinNombre/300-600-1.in
913,sinNombre,DP,8.86863,instancias/sinNombre/450-900-0.in
914,sinNombre,DP,4.27105,instancias/sinNombre/450-350-1.in
915,sinNombre,DP,6.23889,instancias/sinNombre/450-700-1.in
916,sinNombre,DP,1.39431,instancias/sinNombre/350-250-2.in
917,sinNombre,DP,2.01964,instancias/sinNombre/300-400-0.in
918,sinNombre,DP,3.94063,instancias/sinNombre/350-600-2.in
919,sinNombre,DP,9.79068,instancias/sinNombre/900-650-1.in
920,sinNombre,DP,1.75744,instancias/sinNombre/900-200-1.in
921,sinNombre,DP,13.989,instancias/sinNombre/900-850-0.in
922,sinNombre,DP,2.29975,instancias/sinNombre/400-350-2.in
923,sinNombre,DP,4.03574,instancias/sinNombre/450-500-0.in
924,sinNombre,DP,5.22687,instancias/sinNombre/400-700-2.in
925,sinNombre,DP,0.965845,instancias/sinNombre/450-150-0.in
926,sinNombre,DP,2.69112,instancias/sinNombre/150-900-1.in
927,sinNombre,DP,0.911127,instancias/sinNombre/100-500-2.in
928,sinNombre,DP,0.95381,instancias/sinNombre/150-350-0.in
929,sinNombre,DP,0.250909,instancias/sinNombre/100-150-2.in
930,sinNombre,DP,2.09632,instancias/sinNombre/150-700-0.in
931,sinNombre,DP,9.03817,instancias/sinNombre/600-800-1.in
932,sinNombre,DP,3.84822,instancias/sinNombre/650-400-2.in
933,sinNombre,DP,2.37562,instancias/sinNombre/600-250-0.in
934,sinNombre,DP,6.64557,instancias/sinNombre/600-600-0.in
935,sinNombre,DP,11.78,instancias/sinNombre/700-900-0.in
936,sinNombre,DP,3.48191,instancias/sinNombre/700-350-1.in
937,sinNombre,DP,8.97272,instancias/sinNombre/700-700-1.in
938,sinNombre,DP,5.86189,instancias/sinNombre/1000-400-0.in
939,sinNombre,DP,12.9227,instancias/sinNombre/650-1000-1.in
940,sinNombre,DP,0.384575,instancias/sinNombre/50-400-1.in
941,sinNombre,DP,7.74653,instancias/sinNombre/500-800-2.in
942,sinNombre,DP,3.44349,instancias/sinNombre/550-400-1.in
943,sinNombre,DP,16.8809,instancias/sinNombre/850-1000-2.in
944,sinNombre,DP,4.64041,instancias/sinNombre/250-900-2.in
945,sinNombre,DP,1.92573,instancias/sinNombre/200-500-1.in
946,sinNombre,DP,0.510741,instancias/sinNombre/200-150-1.in
947,sinNombre,DP,12.5853,instancias/sinNombre/800-750-0.in
948,sinNombre,DP,0.592413,instancias/sinNombre/850-100-2.in
949,sinNombre,DP,3.01528,instancias/sinNombre/800-300-0.in
950,sinNombre,DP,7.4758,instancias/sinNombre/850-550-2.in
951,sinNombre,DP,5.85638,instancias/sinNombre/300-1000-1.in
952,sinNombre,DP,14.3628,instancias/sinNombre/800-950-1.in
953,sinNombre,DP,8.47971,instancias/sinNombre/550-800-1.in
954,sinNombre,DP,1.95332,instancias/sinNombre/550-250-0.in
955,sinNombre,DP,3.32811,instancias/sinNombre/500-400-2.in
956,sinNombre,DP,12.3534,instancias/sinNombre/600-1000-0.in
957,sinNombre,DP,5.72104,instancias/sinNombre/550-600-0.in
958,sinNombre,DP,0.579396,instancias/sinNombre/800-100-1.in
959,sinNombre,DP,7.00359,instancias/sinNombre/800-550-1.in
960,sinNombre,DP,15.5136,instancias/sinNombre/850-950-2.in
961,sinNombre,DP,3.62055,instancias/sinNombre/200-900-1.in
962,sinNombre,DP,1.27593,instancias/sinNombre/200-350-0.in
963,sinNombre,DP,2.23486,instancias/sinNombre/250-500-2.in
964,sinNombre,DP,2.69682,instancias/sinNombre/200-700-0.in
965,sinNombre,DP,0.578498,instancias/sinNombre/250-150-2.in
966,sinNombre,DP,6.82858,instancias/sinNombre/350-1000-0.in
967,sinNombre,DP,7.29764,instancias/sinNombre/700-500-0.in
968,sinNombre,DP,4.19855,instancias/sinNombre/750-350-2.in
969,sinNombre,DP,1.05967,instancias/sinNombre/700-150-0.in
970,sinNombre,DP,10.4316,instancias/sinNombre/750-700-2.in
971,sinNombre,DP,0.467882,instancias/sinNombre/50-250-0.in
972,sinNombre,DP,0.67022,instancias/sinNombre/50-600-0.in
973,sinNombre,DP,1.34507,instancias/sinNombre/50-800-1.in
974,sinNombre,DP,3.92092,instancias/sinNombre/1000-250-1.in
975,sinNombre,DP,10.7741,instancias/sinNombre/1000-600-1.in
976,sinNombre,DP,17.18,instancias/sinNombre/1000-800-0.in
977,sinNombre,DP,0.657083,instancias/sinNombre/650-100-1.in
978,sinNombre,DP,6.58068,instancias/sinNombre/650-550-1.in
979,sinNombre,DP,12.1887,instancias/sinNombre/600-950-2.in
980,sinNombre,DP,21.2844,instancias/sinNombre/1000-1000-2.in
981,sinNombre,DP,0.931031,instancias/sinNombre/100-450-1.in
982,sinNombre,DP,2.89696,instancias/sinNombre/150-850-2.in
983,sinNombre,DP,5.82785,instancias/sinNombre/400-650-1.in
984,sinNombre,DP,1.32296,instancias/sinNombre/400-200-1.in
985,sinNombre,DP,7.46267,instancias/sinNombre/400-850-0.in
986,sinNombre,DP,4.87031,instancias/sinNombre/900-350-2.in
987,sinNombre,DP,8.36303,instancias/sinNombre/950-500-0.in
988,sinNombre,DP,12.1553,instancias/sinNombre/900-700-2.in
989,sinNombre,DP,1.24437,instancias/sinNombre/950-150-0.in
990,sinNombre,DP,5.5657,instancias/sinNombre/350-750-1.in
991,sinNombre,DP,0.308021,instancias/sinNombre/850-50-1.in
992,sinNombre,DP,1.87848,instancias/sinNombre/350-300-1.in
993,sinNombre,DP,8.69898,instancias/sinNombre/350-950-0.in
994,sinNombre,DP,6.22104,instancias/sinNombre/450-650-2.in
995,sinNombre,DP,1.43383,instancias/sinNombre/450-200-2.in
996,sinNombre,DP,3.40754,instancias/sinNombre/400-450-0.in
997,sinNombre,DP,4.58551,instancias/sinNombre/300-750-2.in
998,sinNombre,DP,0.461459,instancias/sinNombre/350-100-0.in
999,sinNombre,DP,1.85008,instancias/sinNombre/300-300-2.in
1000,sinNombre,DP,3.90993,instancias/sinNombre/350-550-0.in
1001,sinNombre,DP,17.3088,instancias/sinNombre/950-900-0.in
1002,sinNombre,DP,4.84569,instancias/sinNombre/950-350-1.in
1003,sinNombre,DP,13.8826,instancias/sinNombre/950-700-1.in
1004,sinNombre,DP,0.614634,instancias/sinNombre/600-100-2.in
1005,sinNombre,DP,10.5362,instancias/sinNombre/650-750-0.in
1006,sinNombre,DP,6.12702,instancias/sinNombre/600-550-2.in
1007,sinNombre,DP,3.12944,instancias/sinNombre/650-300-0.in
1008,sinNombre,DP,13.5177,instancias/sinNombre/650-950-1.in
1009,sinNombre,DP,1.33058,instancias/sinNombre/100-650-0.in
1010,sinNombre,DP,1.42172,instancias/sinNombre/150-450-2.in
1011,sinNombre,DP,0.385002,instancias/sinNombre/100-200-0.in
1012,sinNombre,DP,2.16003,instancias/sinNombre/100-850-1.in
1013,sinNombre,DP,15.2438,instancias/sinNombre/1000-750-2.in
1014,sinNombre,DP,4.1064,instancias/sinNombre/1000-300-2.in
1015,sinNombre,DP,1.13202,instancias/sinNombre/50-950-2.in
1016,sinNombre,DP,0.179648,instancias/sinNombre/350-50-0.in
1017,sinNombre,DP,9.7203,instancias/sinNombre/750-650-1.in
1018,sinNombre,DP,1.79563,instancias/sinNombre/750-200-1.in
1019,sinNombre,DP,15.9801,instancias/sinNombre/750-850-0.in
1020,sinNombre,DP,3.42123,instancias/sinNombre/150-1000-2.in
1021,sinNombre,DP,1.08653,instancias/sinNombre/50-1000-1.in
1022,sinNombre,DP,0.212347,instancias/sinNombre/300-50-2.in
1023,sinNombre,DP,2.39725,instancias/sinNombre/250-450-1.in
1024,sinNombre,DP,5.18705,instancias/sinNombre/200-850-2.in
1025,sinNombre,DP,15.7483,instancias/sinNombre/850-800-1.in
1026,sinNombre,DP,2.91612,instancias/sinNombre/850-250-0.in
1027,sinNombre,DP,5.23627,instancias/sinNombre/800-400-2.in
1028,sinNombre,DP,12.5581,instancias/sinNombre/850-600-0.in
1029,sinNombre,DP,0.670049,instancias/sinNombre/500-100-1.in
1030,sinNombre,DP,8.75722,instancias/sinNombre/400-1000-2.in
1031,sinNombre,DP,6.76327,instancias/sinNombre/500-550-1.in
1032,sinNombre,DP,12.1853,instancias/sinNombre/550-950-2.in
1033,sinNombre,DP,13.3987,instancias/sinNombre/800-800-2.in
1034,sinNombre,DP,5.95608,instancias/sinNombre/850-400-1.in
1035,sinNombre,DP,3.42693,instancias/sinNombre/250-650-0.in
1036,sinNombre,DP,0.220753,instancias/sinNombre/600-50-1.in
1037,sinNombre,DP,0.969484,instancias/sinNombre/250-200-0.in
1038,sinNombre,DP,1.94125,instancias/sinNombre/200-450-2.in
1039,sinNombre,DP,4.54803,instancias/sinNombre/250-850-1.in
1040,sinNombre,DP,8.18064,instancias/sinNombre/500-750-0.in
1041,sinNombre,DP,0.557601,instancias/sinNombre/550-100-2.in
1042,sinNombre,DP,2.67436,instancias/sinNombre/500-300-0.in
1043,sinNombre,DP,5.917,instancias/sinNombre/550-550-2.in
1044,sinNombre,DP,10.7223,instancias/sinNombre/500-950-1.in
1045,sinNombre,DP,0.144454,instancias/sinNombre/50-100-2.in
1046,sinNombre,DP,0.616874,instancias/sinNombre/50-550-2.in
1047,sinNombre,DP,8.7947,instancias/sinNombre/700-650-2.in
1048,sinNombre,DP,5.83633,instancias/sinNombre/750-450-0.in
1049,sinNombre,DP,1.84708,instancias/sinNombre/700-200-2.in
1050,sinNombre,DP,3.20054,instancias/sinNombre/600-300-2.in
1051,sinNombre,DP,7.30277,instancias/sinNombre/650-550-0.in
1052,sinNombre,DP,10.0764,instancias/sinNombre/600-750-2.in
1053,sinNombre,DP,0.600285,instancias/sinNombre/650-100-0.in
1054,sinNombre,DP,0.26721,instancias/sinNombre/800-50-2.in
1055,sinNombre,DP,0.604775,instancias/sinNombre/150-200-2.in
1056,sinNombre,DP,0.885917,instancias/sinNombre/100-450-0.in
1057,sinNombre,DP,2.1866,instancias/sinNombre/150-650-2.in
1058,sinNombre,DP,4.09443,instancias/sinNombre/450-450-2.in
1059,sinNombre,DP,1.26077,instancias/sinNombre/400-200-0.in
1060,sinNombre,DP,5.36121,instancias/sinNombre/400-650-0.in
1061,sinNombre,DP,7.90975,instancias/sinNombre/400-850-1.in
1062,sinNombre,DP,16.3704,instancias/sinNombre/900-900-2.in
1063,sinNombre,DP,1.20182,instancias/sinNombre/950-150-1.in
1064,sinNombre,DP,7.55534,instancias/sinNombre/950-500-1.in
1065,sinNombre,DP,3.15674,instancias/sinNombre/300-550-2.in
1066,sinNombre,DP,1.75178,instancias/sinNombre/350-300-0.in
1067,sinNombre,DP,0.264387,instancias/sinNombre/850-50-0.in
1068,sinNombre,DP,0.401078,instancias/sinNombre/300-100-2.in
1069,sinNombre,DP,5.27668,instancias/sinNombre/350-750-0.in
1070,sinNombre,DP,6.73076,instancias/sinNombre/350-950-1.in
1071,sinNombre,DP,3.2334,instancias/sinNombre/400-450-1.in
1072,sinNombre,DP,7.95191,instancias/sinNombre/450-850-2.in
1073,sinNombre,DP,4.3734,instancias/sinNombre/350-550-1.in
1074,sinNombre,DP,0.476195,instancias/sinNombre/350-100-1.in
1075,sinNombre,DP,5.70232,instancias/sinNombre/300-950-2.in
1076,sinNombre,DP,16.4106,instancias/sinNombre/950-900-1.in
1077,sinNombre,DP,1.29618,instancias/sinNombre/900-150-2.in
1078,sinNombre,DP,12.2595,instancias/sinNombre/950-700-0.in
1079,sinNombre,DP,7.67023,instancias/sinNombre/900-500-2.in
1080,sinNombre,DP,4.86058,instancias/sinNombre/950-350-0.in
1081,sinNombre,DP,3.06742,instancias/sinNombre/650-300-1.in
1082,sinNombre,DP,11.1016,instancias/sinNombre/650-750-1.in
1083,sinNombre,DP,15.6451,instancias/sinNombre/650-950-0.in
1084,sinNombre,DP,0.374844,instancias/sinNombre/100-200-1.in
1085,sinNombre,DP,1.26146,instancias/sinNombre/100-650-1.in
1086,sinNombre,DP,1.64765,instancias/sinNombre/100-850-0.in
1087,sinNombre,DP,19.1926,instancias/sinNombre/1000-950-2.in
1088,sinNombre,DP,0.154571,instancias/sinNombre/350-50-1.in
1089,sinNombre,DP,0.307675,instancias/sinNombre/50-300-2.in
1090,sinNombre,DP,0.776257,instancias/sinNombre/50-750-2.in
1091,sinNombre,DP,1.66384,instancias/sinNombre/750-200-0.in
1092,sinNombre,DP,5.1272,instancias/sinNombre/700-450-2.in
1093,sinNombre,DP,9.61345,instancias/sinNombre/750-650-0.in
1094,sinNombre,DP,12.5958,instancias/sinNombre/750-850-1.in
1095,sinNombre,DP,1.05333,instancias/sinNombre/50-1000-0.in
1096,sinNombre,DP,2.11924,instancias/sinNombre/250-450-0.in
1097,sinNombre,DP,0.729912,instancias/sinNombre/200-200-2.in
1098,sinNombre,DP,2.80909,instancias/sinNombre/200-650-2.in
1099,sinNombre,DP,13.5836,instancias/sinNombre/850-800-0.in
1100,sinNombre,DP,9.30248,instancias/sinNombre/850-600-1.in
1101,sinNombre,DP,2.75927,instancias/sinNombre/850-250-1.in
1102,sinNombre,DP,5.42237,instancias/sinNombre/500-550-0.in
1103,sinNombre,DP,2.47102,instancias/sinNombre/550-300-2.in
1104,sinNombre,DP,0.509952,instancias/sinNombre/500-100-0.in
1105,sinNombre,DP,8.15641,instancias/sinNombre/550-750-2.in
1106,sinNombre,DP,2.03564,instancias/sinNombre/100-1000-2.in
1107,sinNombre,DP,8.33428,instancias/sinNombre/800-600-2.in
1108,sinNombre,DP,4.84119,instancias/sinNombre/850-400-0.in
1109,sinNombre,DP,2.72863,instancias/sinNombre/800-250-2.in
1110,sinNombre,DP,0.905734,instancias/sinNombre/250-200-1.in
1111,sinNombre,DP,0.189708,instancias/sinNombre/600-50-0.in
1112,sinNombre,DP,3.05375,instancias/sinNombre/250-650-1.in
1113,sinNombre,DP,4.0981,instancias/sinNombre/250-850-0.in
1114,sinNombre,DP,3.81958,instancias/sinNombre/500-300-1.in
1115,sinNombre,DP,7.60846,instancias/sinNombre/500-750-1.in
1116,sinNombre,DP,9.32867,instancias/sinNombre/500-950-0.in
1117,sinNombre,DP,0.217318,instancias/sinNombre/650-50-2.in
1118,sinNombre,DP,9.2044,instancias/sinNombre/450-1000-2.in
1119,sinNombre,DP,9.23532,instancias/sinNombre/1000-550-2.in
1120,sinNombre,DP,0.676013,instancias/sinNombre/1000-100-2.in
1121,sinNombre,DP,5.49806,instancias/sinNombre/750-450-1.in
1122,sinNombre,DP,11.4868,instancias/sinNombre/700-850-2.in
1123,sinNombre,DP,0.240575,instancias/sinNombre/500-50-2.in
1124,sinNombre,DP,1.3076,instancias/sinNombre/100-700-2.in
1125,sinNombre,DP,0.408996,instancias/sinNombre/150-150-0.in
1126,sinNombre,DP,0.699503,instancias/sinNombre/100-350-2.in
1127,sinNombre,DP,1.46228,instancias/sinNombre/150-500-0.in
1128,sinNombre,DP,0.055191,instancias/sinNombre/50-50-0.in
1129,sinNombre,DP,7.07744,instancias/sinNombre/650-600-2.in
1130,sinNombre,DP,2.24472,instancias/sinNombre/650-250-2.in
1131,sinNombre,DP,4.5493,instancias/sinNombre/600-400-0.in
1132,sinNombre,DP,6.41854,instancias/sinNombre/900-450-1.in
1133,sinNombre,DP,15.3291,instancias/sinNombre/950-850-2.in
1134,sinNombre,DP,0.229642,instancias/sinNombre/550-50-0.in
1135,sinNombre,DP,5.76865,instancias/sinNombre/300-800-1.in
1136,sinNombre,DP,3.61144,instancias/sinNombre/300-600-0.in
1137,sinNombre,DP,2.77799,instancias/sinNombre/350-400-2.in
1138,sinNombre,DP,1.25686,instancias/sinNombre/300-250-0.in
1139,sinNombre,DP,10.7488,instancias/sinNombre/450-900-1.in
1140,sinNombre,DP,1.07691,instancias/sinNombre/400-150-2.in
1141,sinNombre,DP,7.84385,instancias/sinNombre/450-700-0.in
1142,sinNombre,DP,4.39249,instancias/sinNombre/400-500-2.in
1143,sinNombre,DP,3.4267,instancias/sinNombre/450-350-0.in
1144,sinNombre,DP,7.39557,instancias/sinNombre/350-800-2.in
1145,sinNombre,DP,2.23609,instancias/sinNombre/300-400-1.in
1146,sinNombre,DP,6.43565,instancias/sinNombre/950-450-2.in
1147,sinNombre,DP,1.88382,instancias/sinNombre/900-200-0.in
1148,sinNombre,DP,10.2012,instancias/sinNombre/900-650-0.in
1149,sinNombre,DP,15.8099,instancias/sinNombre/900-850-1.in
1150,sinNombre,DP,8.54537,instancias/sinNombre/400-900-2.in
1151,sinNombre,DP,0.878267,instancias/sinNombre/450-150-1.in
1152,sinNombre,DP,4.30847,instancias/sinNombre/450-500-1.in
1153,sinNombre,DP,2.66187,instancias/sinNombre/150-900-0.in
1154,sinNombre,DP,2.2326,instancias/sinNombre/150-700-1.in
1155,sinNombre,DP,1.05906,instancias/sinNombre/150-350-1.in
1156,sinNombre,DP,9.22344,instancias/sinNombre/600-800-0.in
1157,sinNombre,DP,7.00749,instancias/sinNombre/600-600-1.in
1158,sinNombre,DP,2.2366,instancias/sinNombre/600-250-1.in
1159,sinNombre,DP,12.3343,instancias/sinNombre/700-900-1.in
1160,sinNombre,DP,8.69645,instancias/sinNombre/700-700-0.in
1161,sinNombre,DP,1.14501,instancias/sinNombre/750-150-2.in
1162,sinNombre,DP,3.46855,instancias/sinNombre/700-350-0.in
1163,sinNombre,DP,6.23927,instancias/sinNombre/750-500-2.in
1164,sinNombre,DP,5.68086,instancias/sinNombre/1000-400-1.in
1165,sinNombre,DP,13.1096,instancias/sinNombre/650-1000-0.in
1166,sinNombre,DP,0.391457,instancias/sinNombre/50-400-0.in
1167,sinNombre,DP,5.40997,instancias/sinNombre/500-600-2.in
1168,sinNombre,DP,3.57877,instancias/sinNombre/550-400-0.in
1169,sinNombre,DP,1.91092,instancias/sinNombre/500-250-2.in
1170,sinNombre,DP,0.52565,instancias/sinNombre/200-150-0.in
1171,sinNombre,DP,3.32754,instancias/sinNombre/250-700-2.in
1172,sinNombre,DP,1.94832,instancias/sinNombre/200-500-0.in
1173,sinNombre,DP,1.49144,instancias/sinNombre/250-350-2.in
1174,sinNombre,DP,3.11174,instancias/sinNombre/800-300-1.in
1175,sinNombre,DP,10.5646,instancias/sinNombre/800-750-1.in
1176,sinNombre,DP,15.0422,instancias/sinNombre/800-950-0.in
1177,sinNombre,DP,5.88013,instancias/sinNombre/300-1000-0.in
1178,sinNombre,DP,8.51602,instancias/sinNombre/550-800-0.in
1179,sinNombre,DP,6.02439,instancias/sinNombre/550-600-1.in
1180,sinNombre,DP,11.7956,instancias/sinNombre/600-1000-1.in
1181,sinNombre,DP,1.91607,instancias/sinNombre/550-250-1.in
1182,sinNombre,DP,7.38194,instancias/sinNombre/800-550-0.in
1183,sinNombre,DP,3.26049,instancias/sinNombre/850-300-2.in
1184,sinNombre,DP,0.574964,instancias/sinNombre/800-100-0.in
1185,sinNombre,DP,11.8981,instancias/sinNombre/850-750-2.in
1186,sinNombre,DP,3.67404,instancias/sinNombre/200-900-0.in
1187,sinNombre,DP,2.80048,instancias/sinNombre/200-700-1.in
1188,sinNombre,DP,1.31012,instancias/sinNombre/200-350-1.in
1189,sinNombre,DP,7.08983,instancias/sinNombre/350-1000-1.in
1190,sinNombre,DP,13.3004,instancias/sinNombre/750-900-2.in
1191,sinNombre,DP,1.01451,instancias/sinNombre/700-150-1.in
1192,sinNombre,DP,5.89185,instancias/sinNombre/700-500-1.in
1193,sinNombre,DP,0.593814,instancias/sinNombre/50-600-1.in
1194,sinNombre,DP,0.257962,instancias/sinNombre/50-250-1.in
1195,sinNombre,DP,0.818864,instancias/sinNombre/50-800-0.in
1196,sinNombre,DP,9.86773,instancias/sinNombre/1000-600-0.in
1197,sinNombre,DP,2.85083,instancias/sinNombre/1000-250-0.in
1198,sinNombre,DP,15.96,instancias/sinNombre/1000-800-1.in
1199,sinNombre,DP,18.6556,instancias/sinNombre/800-1000-2.in
